{
  "oldParams": true,
  "wave_type": 0,
  "p_env_attack": 0.04874426142127091,
  "p_env_sustain": 0.284,
  "p_env_punch": 0.115,
  "p_env_decay": 0.675,
  "p_base_freq": 0.539,
  "p_freq_limit": 0,
  "p_freq_ramp": -0.111,
  "p_freq_dramp": -0.075,
  "p_vib_strength": -0.031127820719317103,
  "p_vib_speed": 0.511,
  "p_arp_mod": -0.2758665814649077,
  "p_arp_speed": 0.0224523569017947,
  "p_duty": -0.10580804851299996,
  "p_duty_ramp": 0.5684767784810527,
  "p_repeat_speed": 1,
  "p_pha_offset": -0.32,
  "p_pha_ramp": 0.04325494938303252,
  "p_lpf_freq": 0.9845001164135477,
  "p_lpf_ramp": 0.002434273817547416,
  "p_lpf_resonance": -0.21145488254857292,
  "p_hpf_freq": 0.8830390038012288,
  "p_hpf_ramp": 0.3115257985234585,
  "sound_vol": 0.179,
  "sample_rate": 44100,
  "sample_size": 16
}
