{
  "oldParams": true,
  "wave_type": 1,
  "p_env_attack": -0.11538925862538271,
  "p_env_sustain": 0.7165451364116846,
  "p_env_punch": 0.3555332566027995,
  "p_env_decay": 0.1677093004296441,
  "p_base_freq": 0.579,
  "p_freq_limit": 0,
  "p_freq_ramp": -1.7773357463819463e-7,
  "p_freq_dramp": 0.5316663782114849,
  "p_vib_strength": 0.512,
  "p_vib_speed": -0.06686552211230601,
  "p_arp_mod": -0.8046163206716852,
  "p_arp_speed": -0.8531144010221989,
  "p_duty": 0.269,
  "p_duty_ramp": 0.054057835331603514,
  "p_repeat_speed": 0.8030361381689264,
  "p_pha_offset": -0.038,
  "p_pha_ramp": -0.8801278604519724,
  "p_lpf_freq": 0.999986356695472,
  "p_lpf_ramp": 0.4519395109033306,
  "p_lpf_resonance": -0.9824161238579796,
  "p_hpf_freq": 0.05506663380189431,
  "p_hpf_ramp": 0.38242321036458315,
  "sound_vol": 0.25,
  "sample_rate": 44100,
  "sample_size": 16
}
