{
  "oldParams": true,
  "wave_type": 1,
  "p_env_attack": 0.107,
  "p_env_sustain": 0.541,
  "p_env_punch": 0.287,
  "p_env_decay": 0.254,
  "p_base_freq": 0.29536443133397305,
  "p_freq_limit": 0,
  "p_freq_ramp": 0.0744812440626358,
  "p_freq_dramp": 0.0004305821787875596,
  "p_vib_strength": -0.33542214189778335,
  "p_vib_speed": 0.21451723682959067,
  "p_arp_mod": -0.7043177959885256,
  "p_arp_speed": -0.17521106254341645,
  "p_duty": -0.9274729277094753,
  "p_duty_ramp": 0.1368441486409119,
  "p_repeat_speed": -0.005666453655947645,
  "p_pha_offset": -0.0034764340642555102,
  "p_pha_ramp": 0.0006314614549959498,
  "p_lpf_freq": 0.7510746320496271,
  "p_lpf_ramp": -0.3492041449149534,
  "p_lpf_resonance": -0.21423236203249463,
  "p_hpf_freq": 0.14092354872878254,
  "p_hpf_ramp": -0.2759203261977188,
  "sound_vol": 0.25,
  "sample_rate": 44100,
  "sample_size": 16
}
